"date","value","topic","variable_short","variable_long","location","unit","source","update","public","description"
2021-01-01,21,"Sonstiges","globalstrahlung","Globalstrahlung; Tagesmittel","SMA Zürich Fluntern","W/m²","meteoschweiz","täglich","ja","https://github.com/statistikZH/covid19monitoring_other_Weather"
2021-01-02,5,"Sonstiges","globalstrahlung","Globalstrahlung; Tagesmittel","SMA Zürich Fluntern","W/m²","meteoschweiz","täglich","ja","https://github.com/statistikZH/covid19monitoring_other_Weather"
2021-01-03,15,"Sonstiges","globalstrahlung","Globalstrahlung; Tagesmittel","SMA Zürich Fluntern","W/m²","meteoschweiz","täglich","ja","https://github.com/statistikZH/covid19monitoring_other_Weather"
2021-01-04,18,"Sonstiges","globalstrahlung","Globalstrahlung; Tagesmittel","SMA Zürich Fluntern","W/m²","meteoschweiz","täglich","ja","https://github.com/statistikZH/covid19monitoring_other_Weather"
2021-01-05,10,"Sonstiges","globalstrahlung","Globalstrahlung; Tagesmittel","SMA Zürich Fluntern","W/m²","meteoschweiz","täglich","ja","https://github.com/statistikZH/covid19monitoring_other_Weather"
2021-01-06,24,"Sonstiges","globalstrahlung","Globalstrahlung; Tagesmittel","SMA Zürich Fluntern","W/m²","meteoschweiz","täglich","ja","https://github.com/statistikZH/covid19monitoring_other_Weather"
2021-01-07,31,"Sonstiges","globalstrahlung","Globalstrahlung; Tagesmittel","SMA Zürich Fluntern","W/m²","meteoschweiz","täglich","ja","https://github.com/statistikZH/covid19monitoring_other_Weather"
2021-01-08,33,"Sonstiges","globalstrahlung","Globalstrahlung; Tagesmittel","SMA Zürich Fluntern","W/m²","meteoschweiz","täglich","ja","https://github.com/statistikZH/covid19monitoring_other_Weather"
2021-01-09,61,"Sonstiges","globalstrahlung","Globalstrahlung; Tagesmittel","SMA Zürich Fluntern","W/m²","meteoschweiz","täglich","ja","https://github.com/statistikZH/covid19monitoring_other_Weather"
2021-01-10,61,"Sonstiges","globalstrahlung","Globalstrahlung; Tagesmittel","SMA Zürich Fluntern","W/m²","meteoschweiz","täglich","ja","https://github.com/statistikZH/covid19monitoring_other_Weather"
2021-01-11,66,"Sonstiges","globalstrahlung","Globalstrahlung; Tagesmittel","SMA Zürich Fluntern","W/m²","meteoschweiz","täglich","ja","https://github.com/statistikZH/covid19monitoring_other_Weather"
2021-01-12,12,"Sonstiges","globalstrahlung","Globalstrahlung; Tagesmittel","SMA Zürich Fluntern","W/m²","meteoschweiz","täglich","ja","https://github.com/statistikZH/covid19monitoring_other_Weather"
2021-01-13,38,"Sonstiges","globalstrahlung","Globalstrahlung; Tagesmittel","SMA Zürich Fluntern","W/m²","meteoschweiz","täglich","ja","https://github.com/statistikZH/covid19monitoring_other_Weather"
2021-01-14,6,"Sonstiges","globalstrahlung","Globalstrahlung; Tagesmittel","SMA Zürich Fluntern","W/m²","meteoschweiz","täglich","ja","https://github.com/statistikZH/covid19monitoring_other_Weather"
2021-01-15,25,"Sonstiges","globalstrahlung","Globalstrahlung; Tagesmittel","SMA Zürich Fluntern","W/m²","meteoschweiz","täglich","ja","https://github.com/statistikZH/covid19monitoring_other_Weather"
2021-01-16,34,"Sonstiges","globalstrahlung","Globalstrahlung; Tagesmittel","SMA Zürich Fluntern","W/m²","meteoschweiz","täglich","ja","https://github.com/statistikZH/covid19monitoring_other_Weather"
2021-01-17,16,"Sonstiges","globalstrahlung","Globalstrahlung; Tagesmittel","SMA Zürich Fluntern","W/m²","meteoschweiz","täglich","ja","https://github.com/statistikZH/covid19monitoring_other_Weather"
2021-01-18,34,"Sonstiges","globalstrahlung","Globalstrahlung; Tagesmittel","SMA Zürich Fluntern","W/m²","meteoschweiz","täglich","ja","https://github.com/statistikZH/covid19monitoring_other_Weather"
2021-01-19,67,"Sonstiges","globalstrahlung","Globalstrahlung; Tagesmittel","SMA Zürich Fluntern","W/m²","meteoschweiz","täglich","ja","https://github.com/statistikZH/covid19monitoring_other_Weather"
2021-01-20,65,"Sonstiges","globalstrahlung","Globalstrahlung; Tagesmittel","SMA Zürich Fluntern","W/m²","meteoschweiz","täglich","ja","https://github.com/statistikZH/covid19monitoring_other_Weather"
2021-01-21,64,"Sonstiges","globalstrahlung","Globalstrahlung; Tagesmittel","SMA Zürich Fluntern","W/m²","meteoschweiz","täglich","ja","https://github.com/statistikZH/covid19monitoring_other_Weather"
2021-01-22,56,"Sonstiges","globalstrahlung","Globalstrahlung; Tagesmittel","SMA Zürich Fluntern","W/m²","meteoschweiz","täglich","ja","https://github.com/statistikZH/covid19monitoring_other_Weather"
2021-01-23,55,"Sonstiges","globalstrahlung","Globalstrahlung; Tagesmittel","SMA Zürich Fluntern","W/m²","meteoschweiz","täglich","ja","https://github.com/statistikZH/covid19monitoring_other_Weather"
2021-01-24,95,"Sonstiges","globalstrahlung","Globalstrahlung; Tagesmittel","SMA Zürich Fluntern","W/m²","meteoschweiz","täglich","ja","https://github.com/statistikZH/covid19monitoring_other_Weather"
2021-01-25,55,"Sonstiges","globalstrahlung","Globalstrahlung; Tagesmittel","SMA Zürich Fluntern","W/m²","meteoschweiz","täglich","ja","https://github.com/statistikZH/covid19monitoring_other_Weather"
2021-01-26,66,"Sonstiges","globalstrahlung","Globalstrahlung; Tagesmittel","SMA Zürich Fluntern","W/m²","meteoschweiz","täglich","ja","https://github.com/statistikZH/covid19monitoring_other_Weather"
2021-01-27,15,"Sonstiges","globalstrahlung","Globalstrahlung; Tagesmittel","SMA Zürich Fluntern","W/m²","meteoschweiz","täglich","ja","https://github.com/statistikZH/covid19monitoring_other_Weather"
2021-01-28,12,"Sonstiges","globalstrahlung","Globalstrahlung; Tagesmittel","SMA Zürich Fluntern","W/m²","meteoschweiz","täglich","ja","https://github.com/statistikZH/covid19monitoring_other_Weather"
2021-01-29,29,"Sonstiges","globalstrahlung","Globalstrahlung; Tagesmittel","SMA Zürich Fluntern","W/m²","meteoschweiz","täglich","ja","https://github.com/statistikZH/covid19monitoring_other_Weather"
2021-01-30,19,"Sonstiges","globalstrahlung","Globalstrahlung; Tagesmittel","SMA Zürich Fluntern","W/m²","meteoschweiz","täglich","ja","https://github.com/statistikZH/covid19monitoring_other_Weather"
2021-01-31,25,"Sonstiges","globalstrahlung","Globalstrahlung; Tagesmittel","SMA Zürich Fluntern","W/m²","meteoschweiz","täglich","ja","https://github.com/statistikZH/covid19monitoring_other_Weather"
2021-01-01,1,"Sonstiges","schneehoehe","Gesamtschneehöhe; Morgenmessung von 6 UTC","SMA Zürich Fluntern","cm","meteoschweiz","täglich","ja","https://github.com/statistikZH/covid19monitoring_other_Weather"
2021-01-02,0,"Sonstiges","schneehoehe","Gesamtschneehöhe; Morgenmessung von 6 UTC","SMA Zürich Fluntern","cm","meteoschweiz","täglich","ja","https://github.com/statistikZH/covid19monitoring_other_Weather"
2021-01-03,0,"Sonstiges","schneehoehe","Gesamtschneehöhe; Morgenmessung von 6 UTC","SMA Zürich Fluntern","cm","meteoschweiz","täglich","ja","https://github.com/statistikZH/covid19monitoring_other_Weather"
2021-01-04,0,"Sonstiges","schneehoehe","Gesamtschneehöhe; Morgenmessung von 6 UTC","SMA Zürich Fluntern","cm","meteoschweiz","täglich","ja","https://github.com/statistikZH/covid19monitoring_other_Weather"
2021-01-05,0,"Sonstiges","schneehoehe","Gesamtschneehöhe; Morgenmessung von 6 UTC","SMA Zürich Fluntern","cm","meteoschweiz","täglich","ja","https://github.com/statistikZH/covid19monitoring_other_Weather"
2021-01-06,0,"Sonstiges","schneehoehe","Gesamtschneehöhe; Morgenmessung von 6 UTC","SMA Zürich Fluntern","cm","meteoschweiz","täglich","ja","https://github.com/statistikZH/covid19monitoring_other_Weather"
2021-01-07,2,"Sonstiges","schneehoehe","Gesamtschneehöhe; Morgenmessung von 6 UTC","SMA Zürich Fluntern","cm","meteoschweiz","täglich","ja","https://github.com/statistikZH/covid19monitoring_other_Weather"
2021-01-08,2,"Sonstiges","schneehoehe","Gesamtschneehöhe; Morgenmessung von 6 UTC","SMA Zürich Fluntern","cm","meteoschweiz","täglich","ja","https://github.com/statistikZH/covid19monitoring_other_Weather"
2021-01-09,3,"Sonstiges","schneehoehe","Gesamtschneehöhe; Morgenmessung von 6 UTC","SMA Zürich Fluntern","cm","meteoschweiz","täglich","ja","https://github.com/statistikZH/covid19monitoring_other_Weather"
2021-01-10,1,"Sonstiges","schneehoehe","Gesamtschneehöhe; Morgenmessung von 6 UTC","SMA Zürich Fluntern","cm","meteoschweiz","täglich","ja","https://github.com/statistikZH/covid19monitoring_other_Weather"
2021-01-11,1,"Sonstiges","schneehoehe","Gesamtschneehöhe; Morgenmessung von 6 UTC","SMA Zürich Fluntern","cm","meteoschweiz","täglich","ja","https://github.com/statistikZH/covid19monitoring_other_Weather"
2021-01-12,1,"Sonstiges","schneehoehe","Gesamtschneehöhe; Morgenmessung von 6 UTC","SMA Zürich Fluntern","cm","meteoschweiz","täglich","ja","https://github.com/statistikZH/covid19monitoring_other_Weather"
2021-01-13,3,"Sonstiges","schneehoehe","Gesamtschneehöhe; Morgenmessung von 6 UTC","SMA Zürich Fluntern","cm","meteoschweiz","täglich","ja","https://github.com/statistikZH/covid19monitoring_other_Weather"
2021-01-14,0,"Sonstiges","schneehoehe","Gesamtschneehöhe; Morgenmessung von 6 UTC","SMA Zürich Fluntern","cm","meteoschweiz","täglich","ja","https://github.com/statistikZH/covid19monitoring_other_Weather"
2021-01-15,30,"Sonstiges","schneehoehe","Gesamtschneehöhe; Morgenmessung von 6 UTC","SMA Zürich Fluntern","cm","meteoschweiz","täglich","ja","https://github.com/statistikZH/covid19monitoring_other_Weather"
2021-01-16,40,"Sonstiges","schneehoehe","Gesamtschneehöhe; Morgenmessung von 6 UTC","SMA Zürich Fluntern","cm","meteoschweiz","täglich","ja","https://github.com/statistikZH/covid19monitoring_other_Weather"
2021-01-17,38,"Sonstiges","schneehoehe","Gesamtschneehöhe; Morgenmessung von 6 UTC","SMA Zürich Fluntern","cm","meteoschweiz","täglich","ja","https://github.com/statistikZH/covid19monitoring_other_Weather"
2021-01-18,34,"Sonstiges","schneehoehe","Gesamtschneehöhe; Morgenmessung von 6 UTC","SMA Zürich Fluntern","cm","meteoschweiz","täglich","ja","https://github.com/statistikZH/covid19monitoring_other_Weather"
2021-01-19,29,"Sonstiges","schneehoehe","Gesamtschneehöhe; Morgenmessung von 6 UTC","SMA Zürich Fluntern","cm","meteoschweiz","täglich","ja","https://github.com/statistikZH/covid19monitoring_other_Weather"
2021-01-20,24,"Sonstiges","schneehoehe","Gesamtschneehöhe; Morgenmessung von 6 UTC","SMA Zürich Fluntern","cm","meteoschweiz","täglich","ja","https://github.com/statistikZH/covid19monitoring_other_Weather"
2021-01-21,24,"Sonstiges","schneehoehe","Gesamtschneehöhe; Morgenmessung von 6 UTC","SMA Zürich Fluntern","cm","meteoschweiz","täglich","ja","https://github.com/statistikZH/covid19monitoring_other_Weather"
2021-01-22,22,"Sonstiges","schneehoehe","Gesamtschneehöhe; Morgenmessung von 6 UTC","SMA Zürich Fluntern","cm","meteoschweiz","täglich","ja","https://github.com/statistikZH/covid19monitoring_other_Weather"
2021-01-23,20,"Sonstiges","schneehoehe","Gesamtschneehöhe; Morgenmessung von 6 UTC","SMA Zürich Fluntern","cm","meteoschweiz","täglich","ja","https://github.com/statistikZH/covid19monitoring_other_Weather"
2021-01-24,5,"Sonstiges","schneehoehe","Gesamtschneehöhe; Morgenmessung von 6 UTC","SMA Zürich Fluntern","cm","meteoschweiz","täglich","ja","https://github.com/statistikZH/covid19monitoring_other_Weather"
2021-01-25,6,"Sonstiges","schneehoehe","Gesamtschneehöhe; Morgenmessung von 6 UTC","SMA Zürich Fluntern","cm","meteoschweiz","täglich","ja","https://github.com/statistikZH/covid19monitoring_other_Weather"
2021-01-26,6,"Sonstiges","schneehoehe","Gesamtschneehöhe; Morgenmessung von 6 UTC","SMA Zürich Fluntern","cm","meteoschweiz","täglich","ja","https://github.com/statistikZH/covid19monitoring_other_Weather"
2021-01-27,5,"Sonstiges","schneehoehe","Gesamtschneehöhe; Morgenmessung von 6 UTC","SMA Zürich Fluntern","cm","meteoschweiz","täglich","ja","https://github.com/statistikZH/covid19monitoring_other_Weather"
2021-01-28,5,"Sonstiges","schneehoehe","Gesamtschneehöhe; Morgenmessung von 6 UTC","SMA Zürich Fluntern","cm","meteoschweiz","täglich","ja","https://github.com/statistikZH/covid19monitoring_other_Weather"
2021-01-29,0,"Sonstiges","schneehoehe","Gesamtschneehöhe; Morgenmessung von 6 UTC","SMA Zürich Fluntern","cm","meteoschweiz","täglich","ja","https://github.com/statistikZH/covid19monitoring_other_Weather"
2021-01-30,0,"Sonstiges","schneehoehe","Gesamtschneehöhe; Morgenmessung von 6 UTC","SMA Zürich Fluntern","cm","meteoschweiz","täglich","ja","https://github.com/statistikZH/covid19monitoring_other_Weather"
2021-01-31,0,"Sonstiges","schneehoehe","Gesamtschneehöhe; Morgenmessung von 6 UTC","SMA Zürich Fluntern","cm","meteoschweiz","täglich","ja","https://github.com/statistikZH/covid19monitoring_other_Weather"
2021-01-01,941.7,"Sonstiges","luftdruck","Luftdruck auf Stationshöhe (QFE); Tagesmittel","SMA Zürich Fluntern","hPa","meteoschweiz","täglich","ja","https://github.com/statistikZH/covid19monitoring_other_Weather"
2021-01-02,943.1,"Sonstiges","luftdruck","Luftdruck auf Stationshöhe (QFE); Tagesmittel","SMA Zürich Fluntern","hPa","meteoschweiz","täglich","ja","https://github.com/statistikZH/covid19monitoring_other_Weather"
2021-01-03,944,"Sonstiges","luftdruck","Luftdruck auf Stationshöhe (QFE); Tagesmittel","SMA Zürich Fluntern","hPa","meteoschweiz","täglich","ja","https://github.com/statistikZH/covid19monitoring_other_Weather"
2021-01-04,944.2,"Sonstiges","luftdruck","Luftdruck auf Stationshöhe (QFE); Tagesmittel","SMA Zürich Fluntern","hPa","meteoschweiz","täglich","ja","https://github.com/statistikZH/covid19monitoring_other_Weather"
2021-01-05,944.7,"Sonstiges","luftdruck","Luftdruck auf Stationshöhe (QFE); Tagesmittel","SMA Zürich Fluntern","hPa","meteoschweiz","täglich","ja","https://github.com/statistikZH/covid19monitoring_other_Weather"
2021-01-06,946.7,"Sonstiges","luftdruck","Luftdruck auf Stationshöhe (QFE); Tagesmittel","SMA Zürich Fluntern","hPa","meteoschweiz","täglich","ja","https://github.com/statistikZH/covid19monitoring_other_Weather"
2021-01-07,948.6,"Sonstiges","luftdruck","Luftdruck auf Stationshöhe (QFE); Tagesmittel","SMA Zürich Fluntern","hPa","meteoschweiz","täglich","ja","https://github.com/statistikZH/covid19monitoring_other_Weather"
2021-01-08,950.1,"Sonstiges","luftdruck","Luftdruck auf Stationshöhe (QFE); Tagesmittel","SMA Zürich Fluntern","hPa","meteoschweiz","täglich","ja","https://github.com/statistikZH/covid19monitoring_other_Weather"
2021-01-09,952.2,"Sonstiges","luftdruck","Luftdruck auf Stationshöhe (QFE); Tagesmittel","SMA Zürich Fluntern","hPa","meteoschweiz","täglich","ja","https://github.com/statistikZH/covid19monitoring_other_Weather"
2021-01-10,953.6,"Sonstiges","luftdruck","Luftdruck auf Stationshöhe (QFE); Tagesmittel","SMA Zürich Fluntern","hPa","meteoschweiz","täglich","ja","https://github.com/statistikZH/covid19monitoring_other_Weather"
2021-01-11,955.2,"Sonstiges","luftdruck","Luftdruck auf Stationshöhe (QFE); Tagesmittel","SMA Zürich Fluntern","hPa","meteoschweiz","täglich","ja","https://github.com/statistikZH/covid19monitoring_other_Weather"
2021-01-12,951.7,"Sonstiges","luftdruck","Luftdruck auf Stationshöhe (QFE); Tagesmittel","SMA Zürich Fluntern","hPa","meteoschweiz","täglich","ja","https://github.com/statistikZH/covid19monitoring_other_Weather"
2021-01-13,952.9,"Sonstiges","luftdruck","Luftdruck auf Stationshöhe (QFE); Tagesmittel","SMA Zürich Fluntern","hPa","meteoschweiz","täglich","ja","https://github.com/statistikZH/covid19monitoring_other_Weather"
2021-01-14,950.5,"Sonstiges","luftdruck","Luftdruck auf Stationshöhe (QFE); Tagesmittel","SMA Zürich Fluntern","hPa","meteoschweiz","täglich","ja","https://github.com/statistikZH/covid19monitoring_other_Weather"
2021-01-15,954.1,"Sonstiges","luftdruck","Luftdruck auf Stationshöhe (QFE); Tagesmittel","SMA Zürich Fluntern","hPa","meteoschweiz","täglich","ja","https://github.com/statistikZH/covid19monitoring_other_Weather"
2021-01-16,958.4,"Sonstiges","luftdruck","Luftdruck auf Stationshöhe (QFE); Tagesmittel","SMA Zürich Fluntern","hPa","meteoschweiz","täglich","ja","https://github.com/statistikZH/covid19monitoring_other_Weather"
2021-01-17,953.9,"Sonstiges","luftdruck","Luftdruck auf Stationshöhe (QFE); Tagesmittel","SMA Zürich Fluntern","hPa","meteoschweiz","täglich","ja","https://github.com/statistikZH/covid19monitoring_other_Weather"
2021-01-18,960.3,"Sonstiges","luftdruck","Luftdruck auf Stationshöhe (QFE); Tagesmittel","SMA Zürich Fluntern","hPa","meteoschweiz","täglich","ja","https://github.com/statistikZH/covid19monitoring_other_Weather"
2021-01-19,954.1,"Sonstiges","luftdruck","Luftdruck auf Stationshöhe (QFE); Tagesmittel","SMA Zürich Fluntern","hPa","meteoschweiz","täglich","ja","https://github.com/statistikZH/covid19monitoring_other_Weather"
2021-01-20,944.4,"Sonstiges","luftdruck","Luftdruck auf Stationshöhe (QFE); Tagesmittel","SMA Zürich Fluntern","hPa","meteoschweiz","täglich","ja","https://github.com/statistikZH/covid19monitoring_other_Weather"
2021-01-21,938.4,"Sonstiges","luftdruck","Luftdruck auf Stationshöhe (QFE); Tagesmittel","SMA Zürich Fluntern","hPa","meteoschweiz","täglich","ja","https://github.com/statistikZH/covid19monitoring_other_Weather"
2021-01-22,931.4,"Sonstiges","luftdruck","Luftdruck auf Stationshöhe (QFE); Tagesmittel","SMA Zürich Fluntern","hPa","meteoschweiz","täglich","ja","https://github.com/statistikZH/covid19monitoring_other_Weather"
2021-01-23,933.6,"Sonstiges","luftdruck","Luftdruck auf Stationshöhe (QFE); Tagesmittel","SMA Zürich Fluntern","hPa","meteoschweiz","täglich","ja","https://github.com/statistikZH/covid19monitoring_other_Weather"
2021-01-24,936.5,"Sonstiges","luftdruck","Luftdruck auf Stationshöhe (QFE); Tagesmittel","SMA Zürich Fluntern","hPa","meteoschweiz","täglich","ja","https://github.com/statistikZH/covid19monitoring_other_Weather"
2021-01-25,940.5,"Sonstiges","luftdruck","Luftdruck auf Stationshöhe (QFE); Tagesmittel","SMA Zürich Fluntern","hPa","meteoschweiz","täglich","ja","https://github.com/statistikZH/covid19monitoring_other_Weather"
2021-01-26,954.8,"Sonstiges","luftdruck","Luftdruck auf Stationshöhe (QFE); Tagesmittel","SMA Zürich Fluntern","hPa","meteoschweiz","täglich","ja","https://github.com/statistikZH/covid19monitoring_other_Weather"
2021-01-27,951.7,"Sonstiges","luftdruck","Luftdruck auf Stationshöhe (QFE); Tagesmittel","SMA Zürich Fluntern","hPa","meteoschweiz","täglich","ja","https://github.com/statistikZH/covid19monitoring_other_Weather"
2021-01-28,945.3,"Sonstiges","luftdruck","Luftdruck auf Stationshöhe (QFE); Tagesmittel","SMA Zürich Fluntern","hPa","meteoschweiz","täglich","ja","https://github.com/statistikZH/covid19monitoring_other_Weather"
2021-01-29,940.7,"Sonstiges","luftdruck","Luftdruck auf Stationshöhe (QFE); Tagesmittel","SMA Zürich Fluntern","hPa","meteoschweiz","täglich","ja","https://github.com/statistikZH/covid19monitoring_other_Weather"
2021-01-30,936.6,"Sonstiges","luftdruck","Luftdruck auf Stationshöhe (QFE); Tagesmittel","SMA Zürich Fluntern","hPa","meteoschweiz","täglich","ja","https://github.com/statistikZH/covid19monitoring_other_Weather"
2021-01-31,934,"Sonstiges","luftdruck","Luftdruck auf Stationshöhe (QFE); Tagesmittel","SMA Zürich Fluntern","hPa","meteoschweiz","täglich","ja","https://github.com/statistikZH/covid19monitoring_other_Weather"
2021-01-01,0.2,"Sonstiges","niederschlag","Niederschlag; Tagessumme 6 UTC - 6 UTC Folgetag","SMA Zürich Fluntern","mm","meteoschweiz","täglich","ja","https://github.com/statistikZH/covid19monitoring_other_Weather"
2021-01-02,0,"Sonstiges","niederschlag","Niederschlag; Tagessumme 6 UTC - 6 UTC Folgetag","SMA Zürich Fluntern","mm","meteoschweiz","täglich","ja","https://github.com/statistikZH/covid19monitoring_other_Weather"
2021-01-03,0,"Sonstiges","niederschlag","Niederschlag; Tagessumme 6 UTC - 6 UTC Folgetag","SMA Zürich Fluntern","mm","meteoschweiz","täglich","ja","https://github.com/statistikZH/covid19monitoring_other_Weather"
2021-01-04,0,"Sonstiges","niederschlag","Niederschlag; Tagessumme 6 UTC - 6 UTC Folgetag","SMA Zürich Fluntern","mm","meteoschweiz","täglich","ja","https://github.com/statistikZH/covid19monitoring_other_Weather"
2021-01-05,0.6,"Sonstiges","niederschlag","Niederschlag; Tagessumme 6 UTC - 6 UTC Folgetag","SMA Zürich Fluntern","mm","meteoschweiz","täglich","ja","https://github.com/statistikZH/covid19monitoring_other_Weather"
2021-01-06,3.3,"Sonstiges","niederschlag","Niederschlag; Tagessumme 6 UTC - 6 UTC Folgetag","SMA Zürich Fluntern","mm","meteoschweiz","täglich","ja","https://github.com/statistikZH/covid19monitoring_other_Weather"
2021-01-07,0,"Sonstiges","niederschlag","Niederschlag; Tagessumme 6 UTC - 6 UTC Folgetag","SMA Zürich Fluntern","mm","meteoschweiz","täglich","ja","https://github.com/statistikZH/covid19monitoring_other_Weather"
2021-01-08,0,"Sonstiges","niederschlag","Niederschlag; Tagessumme 6 UTC - 6 UTC Folgetag","SMA Zürich Fluntern","mm","meteoschweiz","täglich","ja","https://github.com/statistikZH/covid19monitoring_other_Weather"
2021-01-09,0,"Sonstiges","niederschlag","Niederschlag; Tagessumme 6 UTC - 6 UTC Folgetag","SMA Zürich Fluntern","mm","meteoschweiz","täglich","ja","https://github.com/statistikZH/covid19monitoring_other_Weather"
2021-01-10,0,"Sonstiges","niederschlag","Niederschlag; Tagessumme 6 UTC - 6 UTC Folgetag","SMA Zürich Fluntern","mm","meteoschweiz","täglich","ja","https://github.com/statistikZH/covid19monitoring_other_Weather"
2021-01-11,0,"Sonstiges","niederschlag","Niederschlag; Tagessumme 6 UTC - 6 UTC Folgetag","SMA Zürich Fluntern","mm","meteoschweiz","täglich","ja","https://github.com/statistikZH/covid19monitoring_other_Weather"
2021-01-12,9.5,"Sonstiges","niederschlag","Niederschlag; Tagessumme 6 UTC - 6 UTC Folgetag","SMA Zürich Fluntern","mm","meteoschweiz","täglich","ja","https://github.com/statistikZH/covid19monitoring_other_Weather"
2021-01-13,12.7,"Sonstiges","niederschlag","Niederschlag; Tagessumme 6 UTC - 6 UTC Folgetag","SMA Zürich Fluntern","mm","meteoschweiz","täglich","ja","https://github.com/statistikZH/covid19monitoring_other_Weather"
2021-01-14,46.8,"Sonstiges","niederschlag","Niederschlag; Tagessumme 6 UTC - 6 UTC Folgetag","SMA Zürich Fluntern","mm","meteoschweiz","täglich","ja","https://github.com/statistikZH/covid19monitoring_other_Weather"
2021-01-15,5.2,"Sonstiges","niederschlag","Niederschlag; Tagessumme 6 UTC - 6 UTC Folgetag","SMA Zürich Fluntern","mm","meteoschweiz","täglich","ja","https://github.com/statistikZH/covid19monitoring_other_Weather"
2021-01-16,1.6,"Sonstiges","niederschlag","Niederschlag; Tagessumme 6 UTC - 6 UTC Folgetag","SMA Zürich Fluntern","mm","meteoschweiz","täglich","ja","https://github.com/statistikZH/covid19monitoring_other_Weather"
2021-01-17,1.2,"Sonstiges","niederschlag","Niederschlag; Tagessumme 6 UTC - 6 UTC Folgetag","SMA Zürich Fluntern","mm","meteoschweiz","täglich","ja","https://github.com/statistikZH/covid19monitoring_other_Weather"
2021-01-18,0,"Sonstiges","niederschlag","Niederschlag; Tagessumme 6 UTC - 6 UTC Folgetag","SMA Zürich Fluntern","mm","meteoschweiz","täglich","ja","https://github.com/statistikZH/covid19monitoring_other_Weather"
2021-01-19,0,"Sonstiges","niederschlag","Niederschlag; Tagessumme 6 UTC - 6 UTC Folgetag","SMA Zürich Fluntern","mm","meteoschweiz","täglich","ja","https://github.com/statistikZH/covid19monitoring_other_Weather"
2021-01-20,0,"Sonstiges","niederschlag","Niederschlag; Tagessumme 6 UTC - 6 UTC Folgetag","SMA Zürich Fluntern","mm","meteoschweiz","täglich","ja","https://github.com/statistikZH/covid19monitoring_other_Weather"
2021-01-21,0.1,"Sonstiges","niederschlag","Niederschlag; Tagessumme 6 UTC - 6 UTC Folgetag","SMA Zürich Fluntern","mm","meteoschweiz","täglich","ja","https://github.com/statistikZH/covid19monitoring_other_Weather"
2021-01-22,5.8,"Sonstiges","niederschlag","Niederschlag; Tagessumme 6 UTC - 6 UTC Folgetag","SMA Zürich Fluntern","mm","meteoschweiz","täglich","ja","https://github.com/statistikZH/covid19monitoring_other_Weather"
2021-01-23,0.9,"Sonstiges","niederschlag","Niederschlag; Tagessumme 6 UTC - 6 UTC Folgetag","SMA Zürich Fluntern","mm","meteoschweiz","täglich","ja","https://github.com/statistikZH/covid19monitoring_other_Weather"
2021-01-24,1.7,"Sonstiges","niederschlag","Niederschlag; Tagessumme 6 UTC - 6 UTC Folgetag","SMA Zürich Fluntern","mm","meteoschweiz","täglich","ja","https://github.com/statistikZH/covid19monitoring_other_Weather"
2021-01-25,4.1,"Sonstiges","niederschlag","Niederschlag; Tagessumme 6 UTC - 6 UTC Folgetag","SMA Zürich Fluntern","mm","meteoschweiz","täglich","ja","https://github.com/statistikZH/covid19monitoring_other_Weather"
2021-01-26,0,"Sonstiges","niederschlag","Niederschlag; Tagessumme 6 UTC - 6 UTC Folgetag","SMA Zürich Fluntern","mm","meteoschweiz","täglich","ja","https://github.com/statistikZH/covid19monitoring_other_Weather"
2021-01-27,6.7,"Sonstiges","niederschlag","Niederschlag; Tagessumme 6 UTC - 6 UTC Folgetag","SMA Zürich Fluntern","mm","meteoschweiz","täglich","ja","https://github.com/statistikZH/covid19monitoring_other_Weather"
2021-01-28,24.3,"Sonstiges","niederschlag","Niederschlag; Tagessumme 6 UTC - 6 UTC Folgetag","SMA Zürich Fluntern","mm","meteoschweiz","täglich","ja","https://github.com/statistikZH/covid19monitoring_other_Weather"
2021-01-29,15.6,"Sonstiges","niederschlag","Niederschlag; Tagessumme 6 UTC - 6 UTC Folgetag","SMA Zürich Fluntern","mm","meteoschweiz","täglich","ja","https://github.com/statistikZH/covid19monitoring_other_Weather"
2021-01-30,8.7,"Sonstiges","niederschlag","Niederschlag; Tagessumme 6 UTC - 6 UTC Folgetag","SMA Zürich Fluntern","mm","meteoschweiz","täglich","ja","https://github.com/statistikZH/covid19monitoring_other_Weather"
2021-01-31,5.7,"Sonstiges","niederschlag","Niederschlag; Tagessumme 6 UTC - 6 UTC Folgetag","SMA Zürich Fluntern","mm","meteoschweiz","täglich","ja","https://github.com/statistikZH/covid19monitoring_other_Weather"
2021-01-01,0,"Sonstiges","sonnenschein","Sonnenscheindauer; Tagessumme","SMA Zürich Fluntern","min","meteoschweiz","täglich","ja","https://github.com/statistikZH/covid19monitoring_other_Weather"
2021-01-02,0,"Sonstiges","sonnenschein","Sonnenscheindauer; Tagessumme","SMA Zürich Fluntern","min","meteoschweiz","täglich","ja","https://github.com/statistikZH/covid19monitoring_other_Weather"
2021-01-03,0,"Sonstiges","sonnenschein","Sonnenscheindauer; Tagessumme","SMA Zürich Fluntern","min","meteoschweiz","täglich","ja","https://github.com/statistikZH/covid19monitoring_other_Weather"
2021-01-04,0,"Sonstiges","sonnenschein","Sonnenscheindauer; Tagessumme","SMA Zürich Fluntern","min","meteoschweiz","täglich","ja","https://github.com/statistikZH/covid19monitoring_other_Weather"
2021-01-05,0,"Sonstiges","sonnenschein","Sonnenscheindauer; Tagessumme","SMA Zürich Fluntern","min","meteoschweiz","täglich","ja","https://github.com/statistikZH/covid19monitoring_other_Weather"
2021-01-06,0,"Sonstiges","sonnenschein","Sonnenscheindauer; Tagessumme","SMA Zürich Fluntern","min","meteoschweiz","täglich","ja","https://github.com/statistikZH/covid19monitoring_other_Weather"
2021-01-07,12,"Sonstiges","sonnenschein","Sonnenscheindauer; Tagessumme","SMA Zürich Fluntern","min","meteoschweiz","täglich","ja","https://github.com/statistikZH/covid19monitoring_other_Weather"
2021-01-08,0,"Sonstiges","sonnenschein","Sonnenscheindauer; Tagessumme","SMA Zürich Fluntern","min","meteoschweiz","täglich","ja","https://github.com/statistikZH/covid19monitoring_other_Weather"
2021-01-09,277,"Sonstiges","sonnenschein","Sonnenscheindauer; Tagessumme","SMA Zürich Fluntern","min","meteoschweiz","täglich","ja","https://github.com/statistikZH/covid19monitoring_other_Weather"
2021-01-10,236,"Sonstiges","sonnenschein","Sonnenscheindauer; Tagessumme","SMA Zürich Fluntern","min","meteoschweiz","täglich","ja","https://github.com/statistikZH/covid19monitoring_other_Weather"
2021-01-11,270,"Sonstiges","sonnenschein","Sonnenscheindauer; Tagessumme","SMA Zürich Fluntern","min","meteoschweiz","täglich","ja","https://github.com/statistikZH/covid19monitoring_other_Weather"
2021-01-12,0,"Sonstiges","sonnenschein","Sonnenscheindauer; Tagessumme","SMA Zürich Fluntern","min","meteoschweiz","täglich","ja","https://github.com/statistikZH/covid19monitoring_other_Weather"
2021-01-13,1,"Sonstiges","sonnenschein","Sonnenscheindauer; Tagessumme","SMA Zürich Fluntern","min","meteoschweiz","täglich","ja","https://github.com/statistikZH/covid19monitoring_other_Weather"
2021-01-14,0,"Sonstiges","sonnenschein","Sonnenscheindauer; Tagessumme","SMA Zürich Fluntern","min","meteoschweiz","täglich","ja","https://github.com/statistikZH/covid19monitoring_other_Weather"
2021-01-15,0,"Sonstiges","sonnenschein","Sonnenscheindauer; Tagessumme","SMA Zürich Fluntern","min","meteoschweiz","täglich","ja","https://github.com/statistikZH/covid19monitoring_other_Weather"
2021-01-16,0,"Sonstiges","sonnenschein","Sonnenscheindauer; Tagessumme","SMA Zürich Fluntern","min","meteoschweiz","täglich","ja","https://github.com/statistikZH/covid19monitoring_other_Weather"
2021-01-17,0,"Sonstiges","sonnenschein","Sonnenscheindauer; Tagessumme","SMA Zürich Fluntern","min","meteoschweiz","täglich","ja","https://github.com/statistikZH/covid19monitoring_other_Weather"
2021-01-18,0,"Sonstiges","sonnenschein","Sonnenscheindauer; Tagessumme","SMA Zürich Fluntern","min","meteoschweiz","täglich","ja","https://github.com/statistikZH/covid19monitoring_other_Weather"
2021-01-19,181,"Sonstiges","sonnenschein","Sonnenscheindauer; Tagessumme","SMA Zürich Fluntern","min","meteoschweiz","täglich","ja","https://github.com/statistikZH/covid19monitoring_other_Weather"
2021-01-20,156,"Sonstiges","sonnenschein","Sonnenscheindauer; Tagessumme","SMA Zürich Fluntern","min","meteoschweiz","täglich","ja","https://github.com/statistikZH/covid19monitoring_other_Weather"
2021-01-21,94,"Sonstiges","sonnenschein","Sonnenscheindauer; Tagessumme","SMA Zürich Fluntern","min","meteoschweiz","täglich","ja","https://github.com/statistikZH/covid19monitoring_other_Weather"
2021-01-22,159,"Sonstiges","sonnenschein","Sonnenscheindauer; Tagessumme","SMA Zürich Fluntern","min","meteoschweiz","täglich","ja","https://github.com/statistikZH/covid19monitoring_other_Weather"
2021-01-23,57,"Sonstiges","sonnenschein","Sonnenscheindauer; Tagessumme","SMA Zürich Fluntern","min","meteoschweiz","täglich","ja","https://github.com/statistikZH/covid19monitoring_other_Weather"
2021-01-24,428,"Sonstiges","sonnenschein","Sonnenscheindauer; Tagessumme","SMA Zürich Fluntern","min","meteoschweiz","täglich","ja","https://github.com/statistikZH/covid19monitoring_other_Weather"
2021-01-25,89,"Sonstiges","sonnenschein","Sonnenscheindauer; Tagessumme","SMA Zürich Fluntern","min","meteoschweiz","täglich","ja","https://github.com/statistikZH/covid19monitoring_other_Weather"
2021-01-26,167,"Sonstiges","sonnenschein","Sonnenscheindauer; Tagessumme","SMA Zürich Fluntern","min","meteoschweiz","täglich","ja","https://github.com/statistikZH/covid19monitoring_other_Weather"
2021-01-27,0,"Sonstiges","sonnenschein","Sonnenscheindauer; Tagessumme","SMA Zürich Fluntern","min","meteoschweiz","täglich","ja","https://github.com/statistikZH/covid19monitoring_other_Weather"
2021-01-28,0,"Sonstiges","sonnenschein","Sonnenscheindauer; Tagessumme","SMA Zürich Fluntern","min","meteoschweiz","täglich","ja","https://github.com/statistikZH/covid19monitoring_other_Weather"
2021-01-29,28,"Sonstiges","sonnenschein","Sonnenscheindauer; Tagessumme","SMA Zürich Fluntern","min","meteoschweiz","täglich","ja","https://github.com/statistikZH/covid19monitoring_other_Weather"
2021-01-30,0,"Sonstiges","sonnenschein","Sonnenscheindauer; Tagessumme","SMA Zürich Fluntern","min","meteoschweiz","täglich","ja","https://github.com/statistikZH/covid19monitoring_other_Weather"
2021-01-31,3,"Sonstiges","sonnenschein","Sonnenscheindauer; Tagessumme","SMA Zürich Fluntern","min","meteoschweiz","täglich","ja","https://github.com/statistikZH/covid19monitoring_other_Weather"
2021-01-01,0.9,"Sonstiges","temp_mittel","Lufttemperatur 2 m über Boden; Tagesmittel","SMA Zürich Fluntern","°C","meteoschweiz","täglich","ja","https://github.com/statistikZH/covid19monitoring_other_Weather"
2021-01-02,0.5,"Sonstiges","temp_mittel","Lufttemperatur 2 m über Boden; Tagesmittel","SMA Zürich Fluntern","°C","meteoschweiz","täglich","ja","https://github.com/statistikZH/covid19monitoring_other_Weather"
2021-01-03,-0.6,"Sonstiges","temp_mittel","Lufttemperatur 2 m über Boden; Tagesmittel","SMA Zürich Fluntern","°C","meteoschweiz","täglich","ja","https://github.com/statistikZH/covid19monitoring_other_Weather"
2021-01-04,-1.1,"Sonstiges","temp_mittel","Lufttemperatur 2 m über Boden; Tagesmittel","SMA Zürich Fluntern","°C","meteoschweiz","täglich","ja","https://github.com/statistikZH/covid19monitoring_other_Weather"
2021-01-05,-1.5,"Sonstiges","temp_mittel","Lufttemperatur 2 m über Boden; Tagesmittel","SMA Zürich Fluntern","°C","meteoschweiz","täglich","ja","https://github.com/statistikZH/covid19monitoring_other_Weather"
2021-01-06,-1.3,"Sonstiges","temp_mittel","Lufttemperatur 2 m über Boden; Tagesmittel","SMA Zürich Fluntern","°C","meteoschweiz","täglich","ja","https://github.com/statistikZH/covid19monitoring_other_Weather"
2021-01-07,-0.3,"Sonstiges","temp_mittel","Lufttemperatur 2 m über Boden; Tagesmittel","SMA Zürich Fluntern","°C","meteoschweiz","täglich","ja","https://github.com/statistikZH/covid19monitoring_other_Weather"
2021-01-08,-1.6,"Sonstiges","temp_mittel","Lufttemperatur 2 m über Boden; Tagesmittel","SMA Zürich Fluntern","°C","meteoschweiz","täglich","ja","https://github.com/statistikZH/covid19monitoring_other_Weather"
2021-01-09,-3,"Sonstiges","temp_mittel","Lufttemperatur 2 m über Boden; Tagesmittel","SMA Zürich Fluntern","°C","meteoschweiz","täglich","ja","https://github.com/statistikZH/covid19monitoring_other_Weather"
2021-01-10,-2.6,"Sonstiges","temp_mittel","Lufttemperatur 2 m über Boden; Tagesmittel","SMA Zürich Fluntern","°C","meteoschweiz","täglich","ja","https://github.com/statistikZH/covid19monitoring_other_Weather"
2021-01-11,-3.6,"Sonstiges","temp_mittel","Lufttemperatur 2 m über Boden; Tagesmittel","SMA Zürich Fluntern","°C","meteoschweiz","täglich","ja","https://github.com/statistikZH/covid19monitoring_other_Weather"
2021-01-12,-0.4,"Sonstiges","temp_mittel","Lufttemperatur 2 m über Boden; Tagesmittel","SMA Zürich Fluntern","°C","meteoschweiz","täglich","ja","https://github.com/statistikZH/covid19monitoring_other_Weather"
2021-01-13,1.9,"Sonstiges","temp_mittel","Lufttemperatur 2 m über Boden; Tagesmittel","SMA Zürich Fluntern","°C","meteoschweiz","täglich","ja","https://github.com/statistikZH/covid19monitoring_other_Weather"
2021-01-14,0.5,"Sonstiges","temp_mittel","Lufttemperatur 2 m über Boden; Tagesmittel","SMA Zürich Fluntern","°C","meteoschweiz","täglich","ja","https://github.com/statistikZH/covid19monitoring_other_Weather"
2021-01-15,-3.2,"Sonstiges","temp_mittel","Lufttemperatur 2 m über Boden; Tagesmittel","SMA Zürich Fluntern","°C","meteoschweiz","täglich","ja","https://github.com/statistikZH/covid19monitoring_other_Weather"
2021-01-16,-5,"Sonstiges","temp_mittel","Lufttemperatur 2 m über Boden; Tagesmittel","SMA Zürich Fluntern","°C","meteoschweiz","täglich","ja","https://github.com/statistikZH/covid19monitoring_other_Weather"
2021-01-17,0.2,"Sonstiges","temp_mittel","Lufttemperatur 2 m über Boden; Tagesmittel","SMA Zürich Fluntern","°C","meteoschweiz","täglich","ja","https://github.com/statistikZH/covid19monitoring_other_Weather"
2021-01-18,0.5,"Sonstiges","temp_mittel","Lufttemperatur 2 m über Boden; Tagesmittel","SMA Zürich Fluntern","°C","meteoschweiz","täglich","ja","https://github.com/statistikZH/covid19monitoring_other_Weather"
2021-01-19,0.4,"Sonstiges","temp_mittel","Lufttemperatur 2 m über Boden; Tagesmittel","SMA Zürich Fluntern","°C","meteoschweiz","täglich","ja","https://github.com/statistikZH/covid19monitoring_other_Weather"
2021-01-20,2.6,"Sonstiges","temp_mittel","Lufttemperatur 2 m über Boden; Tagesmittel","SMA Zürich Fluntern","°C","meteoschweiz","täglich","ja","https://github.com/statistikZH/covid19monitoring_other_Weather"
2021-01-21,5.7,"Sonstiges","temp_mittel","Lufttemperatur 2 m über Boden; Tagesmittel","SMA Zürich Fluntern","°C","meteoschweiz","täglich","ja","https://github.com/statistikZH/covid19monitoring_other_Weather"
2021-01-22,5.7,"Sonstiges","temp_mittel","Lufttemperatur 2 m über Boden; Tagesmittel","SMA Zürich Fluntern","°C","meteoschweiz","täglich","ja","https://github.com/statistikZH/covid19monitoring_other_Weather"
2021-01-23,1.6,"Sonstiges","temp_mittel","Lufttemperatur 2 m über Boden; Tagesmittel","SMA Zürich Fluntern","°C","meteoschweiz","täglich","ja","https://github.com/statistikZH/covid19monitoring_other_Weather"
2021-01-24,0.6,"Sonstiges","temp_mittel","Lufttemperatur 2 m über Boden; Tagesmittel","SMA Zürich Fluntern","°C","meteoschweiz","täglich","ja","https://github.com/statistikZH/covid19monitoring_other_Weather"
2021-01-25,-0.2,"Sonstiges","temp_mittel","Lufttemperatur 2 m über Boden; Tagesmittel","SMA Zürich Fluntern","°C","meteoschweiz","täglich","ja","https://github.com/statistikZH/covid19monitoring_other_Weather"
2021-01-26,-0.2,"Sonstiges","temp_mittel","Lufttemperatur 2 m über Boden; Tagesmittel","SMA Zürich Fluntern","°C","meteoschweiz","täglich","ja","https://github.com/statistikZH/covid19monitoring_other_Weather"
2021-01-27,-0.9,"Sonstiges","temp_mittel","Lufttemperatur 2 m über Boden; Tagesmittel","SMA Zürich Fluntern","°C","meteoschweiz","täglich","ja","https://github.com/statistikZH/covid19monitoring_other_Weather"
2021-01-28,5.3,"Sonstiges","temp_mittel","Lufttemperatur 2 m über Boden; Tagesmittel","SMA Zürich Fluntern","°C","meteoschweiz","täglich","ja","https://github.com/statistikZH/covid19monitoring_other_Weather"
2021-01-29,7,"Sonstiges","temp_mittel","Lufttemperatur 2 m über Boden; Tagesmittel","SMA Zürich Fluntern","°C","meteoschweiz","täglich","ja","https://github.com/statistikZH/covid19monitoring_other_Weather"
2021-01-30,5.2,"Sonstiges","temp_mittel","Lufttemperatur 2 m über Boden; Tagesmittel","SMA Zürich Fluntern","°C","meteoschweiz","täglich","ja","https://github.com/statistikZH/covid19monitoring_other_Weather"
2021-01-31,4.8,"Sonstiges","temp_mittel","Lufttemperatur 2 m über Boden; Tagesmittel","SMA Zürich Fluntern","°C","meteoschweiz","täglich","ja","https://github.com/statistikZH/covid19monitoring_other_Weather"
2021-01-01,0.3,"Sonstiges","temp_min","Lufttemperatur 2 m über Boden; Tagesminimum","SMA Zürich Fluntern","°C","meteoschweiz","täglich","ja","https://github.com/statistikZH/covid19monitoring_other_Weather"
2021-01-02,-0.7,"Sonstiges","temp_min","Lufttemperatur 2 m über Boden; Tagesminimum","SMA Zürich Fluntern","°C","meteoschweiz","täglich","ja","https://github.com/statistikZH/covid19monitoring_other_Weather"
2021-01-03,-2.3,"Sonstiges","temp_min","Lufttemperatur 2 m über Boden; Tagesminimum","SMA Zürich Fluntern","°C","meteoschweiz","täglich","ja","https://github.com/statistikZH/covid19monitoring_other_Weather"
2021-01-04,-2.7,"Sonstiges","temp_min","Lufttemperatur 2 m über Boden; Tagesminimum","SMA Zürich Fluntern","°C","meteoschweiz","täglich","ja","https://github.com/statistikZH/covid19monitoring_other_Weather"
2021-01-05,-2.1,"Sonstiges","temp_min","Lufttemperatur 2 m über Boden; Tagesminimum","SMA Zürich Fluntern","°C","meteoschweiz","täglich","ja","https://github.com/statistikZH/covid19monitoring_other_Weather"
2021-01-06,-2.4,"Sonstiges","temp_min","Lufttemperatur 2 m über Boden; Tagesminimum","SMA Zürich Fluntern","°C","meteoschweiz","täglich","ja","https://github.com/statistikZH/covid19monitoring_other_Weather"
2021-01-07,-0.9,"Sonstiges","temp_min","Lufttemperatur 2 m über Boden; Tagesminimum","SMA Zürich Fluntern","°C","meteoschweiz","täglich","ja","https://github.com/statistikZH/covid19monitoring_other_Weather"
2021-01-08,-4.5,"Sonstiges","temp_min","Lufttemperatur 2 m über Boden; Tagesminimum","SMA Zürich Fluntern","°C","meteoschweiz","täglich","ja","https://github.com/statistikZH/covid19monitoring_other_Weather"
2021-01-09,-6.2,"Sonstiges","temp_min","Lufttemperatur 2 m über Boden; Tagesminimum","SMA Zürich Fluntern","°C","meteoschweiz","täglich","ja","https://github.com/statistikZH/covid19monitoring_other_Weather"
2021-01-10,-3.4,"Sonstiges","temp_min","Lufttemperatur 2 m über Boden; Tagesminimum","SMA Zürich Fluntern","°C","meteoschweiz","täglich","ja","https://github.com/statistikZH/covid19monitoring_other_Weather"
2021-01-11,-4.7,"Sonstiges","temp_min","Lufttemperatur 2 m über Boden; Tagesminimum","SMA Zürich Fluntern","°C","meteoschweiz","täglich","ja","https://github.com/statistikZH/covid19monitoring_other_Weather"
2021-01-12,-3.3,"Sonstiges","temp_min","Lufttemperatur 2 m über Boden; Tagesminimum","SMA Zürich Fluntern","°C","meteoschweiz","täglich","ja","https://github.com/statistikZH/covid19monitoring_other_Weather"
2021-01-13,0,"Sonstiges","temp_min","Lufttemperatur 2 m über Boden; Tagesminimum","SMA Zürich Fluntern","°C","meteoschweiz","täglich","ja","https://github.com/statistikZH/covid19monitoring_other_Weather"
2021-01-14,-1.4,"Sonstiges","temp_min","Lufttemperatur 2 m über Boden; Tagesminimum","SMA Zürich Fluntern","°C","meteoschweiz","täglich","ja","https://github.com/statistikZH/covid19monitoring_other_Weather"
2021-01-15,-7.1,"Sonstiges","temp_min","Lufttemperatur 2 m über Boden; Tagesminimum","SMA Zürich Fluntern","°C","meteoschweiz","täglich","ja","https://github.com/statistikZH/covid19monitoring_other_Weather"
2021-01-16,-8.2,"Sonstiges","temp_min","Lufttemperatur 2 m über Boden; Tagesminimum","SMA Zürich Fluntern","°C","meteoschweiz","täglich","ja","https://github.com/statistikZH/covid19monitoring_other_Weather"
2021-01-17,-2.9,"Sonstiges","temp_min","Lufttemperatur 2 m über Boden; Tagesminimum","SMA Zürich Fluntern","°C","meteoschweiz","täglich","ja","https://github.com/statistikZH/covid19monitoring_other_Weather"
2021-01-18,-1.3,"Sonstiges","temp_min","Lufttemperatur 2 m über Boden; Tagesminimum","SMA Zürich Fluntern","°C","meteoschweiz","täglich","ja","https://github.com/statistikZH/covid19monitoring_other_Weather"
2021-01-19,-3.2,"Sonstiges","temp_min","Lufttemperatur 2 m über Boden; Tagesminimum","SMA Zürich Fluntern","°C","meteoschweiz","täglich","ja","https://github.com/statistikZH/covid19monitoring_other_Weather"
2021-01-20,0,"Sonstiges","temp_min","Lufttemperatur 2 m über Boden; Tagesminimum","SMA Zürich Fluntern","°C","meteoschweiz","täglich","ja","https://github.com/statistikZH/covid19monitoring_other_Weather"
2021-01-21,1.4,"Sonstiges","temp_min","Lufttemperatur 2 m über Boden; Tagesminimum","SMA Zürich Fluntern","°C","meteoschweiz","täglich","ja","https://github.com/statistikZH/covid19monitoring_other_Weather"
2021-01-22,0.9,"Sonstiges","temp_min","Lufttemperatur 2 m über Boden; Tagesminimum","SMA Zürich Fluntern","°C","meteoschweiz","täglich","ja","https://github.com/statistikZH/covid19monitoring_other_Weather"
2021-01-23,0.2,"Sonstiges","temp_min","Lufttemperatur 2 m über Boden; Tagesminimum","SMA Zürich Fluntern","°C","meteoschweiz","täglich","ja","https://github.com/statistikZH/covid19monitoring_other_Weather"
2021-01-24,-1.1,"Sonstiges","temp_min","Lufttemperatur 2 m über Boden; Tagesminimum","SMA Zürich Fluntern","°C","meteoschweiz","täglich","ja","https://github.com/statistikZH/covid19monitoring_other_Weather"
2021-01-25,-1.3,"Sonstiges","temp_min","Lufttemperatur 2 m über Boden; Tagesminimum","SMA Zürich Fluntern","°C","meteoschweiz","täglich","ja","https://github.com/statistikZH/covid19monitoring_other_Weather"
2021-01-26,-2,"Sonstiges","temp_min","Lufttemperatur 2 m über Boden; Tagesminimum","SMA Zürich Fluntern","°C","meteoschweiz","täglich","ja","https://github.com/statistikZH/covid19monitoring_other_Weather"
2021-01-27,-2.4,"Sonstiges","temp_min","Lufttemperatur 2 m über Boden; Tagesminimum","SMA Zürich Fluntern","°C","meteoschweiz","täglich","ja","https://github.com/statistikZH/covid19monitoring_other_Weather"
2021-01-28,0.5,"Sonstiges","temp_min","Lufttemperatur 2 m über Boden; Tagesminimum","SMA Zürich Fluntern","°C","meteoschweiz","täglich","ja","https://github.com/statistikZH/covid19monitoring_other_Weather"
2021-01-29,3.8,"Sonstiges","temp_min","Lufttemperatur 2 m über Boden; Tagesminimum","SMA Zürich Fluntern","°C","meteoschweiz","täglich","ja","https://github.com/statistikZH/covid19monitoring_other_Weather"
2021-01-30,4.3,"Sonstiges","temp_min","Lufttemperatur 2 m über Boden; Tagesminimum","SMA Zürich Fluntern","°C","meteoschweiz","täglich","ja","https://github.com/statistikZH/covid19monitoring_other_Weather"
2021-01-31,3.6,"Sonstiges","temp_min","Lufttemperatur 2 m über Boden; Tagesminimum","SMA Zürich Fluntern","°C","meteoschweiz","täglich","ja","https://github.com/statistikZH/covid19monitoring_other_Weather"
2021-01-01,1.8,"Sonstiges","temp_max","Lufttemperatur 2 m über Boden; Tagesmaximum","SMA Zürich Fluntern","°C","meteoschweiz","täglich","ja","https://github.com/statistikZH/covid19monitoring_other_Weather"
2021-01-02,1,"Sonstiges","temp_max","Lufttemperatur 2 m über Boden; Tagesmaximum","SMA Zürich Fluntern","°C","meteoschweiz","täglich","ja","https://github.com/statistikZH/covid19monitoring_other_Weather"
2021-01-03,0.5,"Sonstiges","temp_max","Lufttemperatur 2 m über Boden; Tagesmaximum","SMA Zürich Fluntern","°C","meteoschweiz","täglich","ja","https://github.com/statistikZH/covid19monitoring_other_Weather"
2021-01-04,0,"Sonstiges","temp_max","Lufttemperatur 2 m über Boden; Tagesmaximum","SMA Zürich Fluntern","°C","meteoschweiz","täglich","ja","https://github.com/statistikZH/covid19monitoring_other_Weather"
2021-01-05,-1,"Sonstiges","temp_max","Lufttemperatur 2 m über Boden; Tagesmaximum","SMA Zürich Fluntern","°C","meteoschweiz","täglich","ja","https://github.com/statistikZH/covid19monitoring_other_Weather"
2021-01-06,-0.6,"Sonstiges","temp_max","Lufttemperatur 2 m über Boden; Tagesmaximum","SMA Zürich Fluntern","°C","meteoschweiz","täglich","ja","https://github.com/statistikZH/covid19monitoring_other_Weather"
2021-01-07,0.9,"Sonstiges","temp_max","Lufttemperatur 2 m über Boden; Tagesmaximum","SMA Zürich Fluntern","°C","meteoschweiz","täglich","ja","https://github.com/statistikZH/covid19monitoring_other_Weather"
2021-01-08,0.5,"Sonstiges","temp_max","Lufttemperatur 2 m über Boden; Tagesmaximum","SMA Zürich Fluntern","°C","meteoschweiz","täglich","ja","https://github.com/statistikZH/covid19monitoring_other_Weather"
2021-01-09,-0.4,"Sonstiges","temp_max","Lufttemperatur 2 m über Boden; Tagesmaximum","SMA Zürich Fluntern","°C","meteoschweiz","täglich","ja","https://github.com/statistikZH/covid19monitoring_other_Weather"
2021-01-10,-1,"Sonstiges","temp_max","Lufttemperatur 2 m über Boden; Tagesmaximum","SMA Zürich Fluntern","°C","meteoschweiz","täglich","ja","https://github.com/statistikZH/covid19monitoring_other_Weather"
2021-01-11,-2,"Sonstiges","temp_max","Lufttemperatur 2 m über Boden; Tagesmaximum","SMA Zürich Fluntern","°C","meteoschweiz","täglich","ja","https://github.com/statistikZH/covid19monitoring_other_Weather"
2021-01-12,1.7,"Sonstiges","temp_max","Lufttemperatur 2 m über Boden; Tagesmaximum","SMA Zürich Fluntern","°C","meteoschweiz","täglich","ja","https://github.com/statistikZH/covid19monitoring_other_Weather"
2021-01-13,4.1,"Sonstiges","temp_max","Lufttemperatur 2 m über Boden; Tagesmaximum","SMA Zürich Fluntern","°C","meteoschweiz","täglich","ja","https://github.com/statistikZH/covid19monitoring_other_Weather"
2021-01-14,4.2,"Sonstiges","temp_max","Lufttemperatur 2 m über Boden; Tagesmaximum","SMA Zürich Fluntern","°C","meteoschweiz","täglich","ja","https://github.com/statistikZH/covid19monitoring_other_Weather"
2021-01-15,-1,"Sonstiges","temp_max","Lufttemperatur 2 m über Boden; Tagesmaximum","SMA Zürich Fluntern","°C","meteoschweiz","täglich","ja","https://github.com/statistikZH/covid19monitoring_other_Weather"
2021-01-16,-2.8,"Sonstiges","temp_max","Lufttemperatur 2 m über Boden; Tagesmaximum","SMA Zürich Fluntern","°C","meteoschweiz","täglich","ja","https://github.com/statistikZH/covid19monitoring_other_Weather"
2021-01-17,1.1,"Sonstiges","temp_max","Lufttemperatur 2 m über Boden; Tagesmaximum","SMA Zürich Fluntern","°C","meteoschweiz","täglich","ja","https://github.com/statistikZH/covid19monitoring_other_Weather"
2021-01-18,1.9,"Sonstiges","temp_max","Lufttemperatur 2 m über Boden; Tagesmaximum","SMA Zürich Fluntern","°C","meteoschweiz","täglich","ja","https://github.com/statistikZH/covid19monitoring_other_Weather"
2021-01-19,4.7,"Sonstiges","temp_max","Lufttemperatur 2 m über Boden; Tagesmaximum","SMA Zürich Fluntern","°C","meteoschweiz","täglich","ja","https://github.com/statistikZH/covid19monitoring_other_Weather"
2021-01-20,6.7,"Sonstiges","temp_max","Lufttemperatur 2 m über Boden; Tagesmaximum","SMA Zürich Fluntern","°C","meteoschweiz","täglich","ja","https://github.com/statistikZH/covid19monitoring_other_Weather"
2021-01-21,9.7,"Sonstiges","temp_max","Lufttemperatur 2 m über Boden; Tagesmaximum","SMA Zürich Fluntern","°C","meteoschweiz","täglich","ja","https://github.com/statistikZH/covid19monitoring_other_Weather"
2021-01-22,8.9,"Sonstiges","temp_max","Lufttemperatur 2 m über Boden; Tagesmaximum","SMA Zürich Fluntern","°C","meteoschweiz","täglich","ja","https://github.com/statistikZH/covid19monitoring_other_Weather"
2021-01-23,3.4,"Sonstiges","temp_max","Lufttemperatur 2 m über Boden; Tagesmaximum","SMA Zürich Fluntern","°C","meteoschweiz","täglich","ja","https://github.com/statistikZH/covid19monitoring_other_Weather"
2021-01-24,2.5,"Sonstiges","temp_max","Lufttemperatur 2 m über Boden; Tagesmaximum","SMA Zürich Fluntern","°C","meteoschweiz","täglich","ja","https://github.com/statistikZH/covid19monitoring_other_Weather"
2021-01-25,2,"Sonstiges","temp_max","Lufttemperatur 2 m über Boden; Tagesmaximum","SMA Zürich Fluntern","°C","meteoschweiz","täglich","ja","https://github.com/statistikZH/covid19monitoring_other_Weather"
2021-01-26,1.9,"Sonstiges","temp_max","Lufttemperatur 2 m über Boden; Tagesmaximum","SMA Zürich Fluntern","°C","meteoschweiz","täglich","ja","https://github.com/statistikZH/covid19monitoring_other_Weather"
2021-01-27,0.6,"Sonstiges","temp_max","Lufttemperatur 2 m über Boden; Tagesmaximum","SMA Zürich Fluntern","°C","meteoschweiz","täglich","ja","https://github.com/statistikZH/covid19monitoring_other_Weather"
2021-01-28,9.3,"Sonstiges","temp_max","Lufttemperatur 2 m über Boden; Tagesmaximum","SMA Zürich Fluntern","°C","meteoschweiz","täglich","ja","https://github.com/statistikZH/covid19monitoring_other_Weather"
2021-01-29,9,"Sonstiges","temp_max","Lufttemperatur 2 m über Boden; Tagesmaximum","SMA Zürich Fluntern","°C","meteoschweiz","täglich","ja","https://github.com/statistikZH/covid19monitoring_other_Weather"
2021-01-30,6.2,"Sonstiges","temp_max","Lufttemperatur 2 m über Boden; Tagesmaximum","SMA Zürich Fluntern","°C","meteoschweiz","täglich","ja","https://github.com/statistikZH/covid19monitoring_other_Weather"
2021-01-31,6.3,"Sonstiges","temp_max","Lufttemperatur 2 m über Boden; Tagesmaximum","SMA Zürich Fluntern","°C","meteoschweiz","täglich","ja","https://github.com/statistikZH/covid19monitoring_other_Weather"
2021-01-01,92.7,"Sonstiges","luftfeuchte","Relative Luftfeuchtigkeit 2 m über Boden; Tagesmittel","SMA Zürich Fluntern","%","meteoschweiz","täglich","ja","https://github.com/statistikZH/covid19monitoring_other_Weather"
2021-01-02,84.8,"Sonstiges","luftfeuchte","Relative Luftfeuchtigkeit 2 m über Boden; Tagesmittel","SMA Zürich Fluntern","%","meteoschweiz","täglich","ja","https://github.com/statistikZH/covid19monitoring_other_Weather"
2021-01-03,85.7,"Sonstiges","luftfeuchte","Relative Luftfeuchtigkeit 2 m über Boden; Tagesmittel","SMA Zürich Fluntern","%","meteoschweiz","täglich","ja","https://github.com/statistikZH/covid19monitoring_other_Weather"
2021-01-04,83.7,"Sonstiges","luftfeuchte","Relative Luftfeuchtigkeit 2 m über Boden; Tagesmittel","SMA Zürich Fluntern","%","meteoschweiz","täglich","ja","https://github.com/statistikZH/covid19monitoring_other_Weather"
2021-01-05,80.9,"Sonstiges","luftfeuchte","Relative Luftfeuchtigkeit 2 m über Boden; Tagesmittel","SMA Zürich Fluntern","%","meteoschweiz","täglich","ja","https://github.com/statistikZH/covid19monitoring_other_Weather"
2021-01-06,89.9,"Sonstiges","luftfeuchte","Relative Luftfeuchtigkeit 2 m über Boden; Tagesmittel","SMA Zürich Fluntern","%","meteoschweiz","täglich","ja","https://github.com/statistikZH/covid19monitoring_other_Weather"
2021-01-07,87.6,"Sonstiges","luftfeuchte","Relative Luftfeuchtigkeit 2 m über Boden; Tagesmittel","SMA Zürich Fluntern","%","meteoschweiz","täglich","ja","https://github.com/statistikZH/covid19monitoring_other_Weather"
2021-01-08,85.1,"Sonstiges","luftfeuchte","Relative Luftfeuchtigkeit 2 m über Boden; Tagesmittel","SMA Zürich Fluntern","%","meteoschweiz","täglich","ja","https://github.com/statistikZH/covid19monitoring_other_Weather"
2021-01-09,83,"Sonstiges","luftfeuchte","Relative Luftfeuchtigkeit 2 m über Boden; Tagesmittel","SMA Zürich Fluntern","%","meteoschweiz","täglich","ja","https://github.com/statistikZH/covid19monitoring_other_Weather"
2021-01-10,72.7,"Sonstiges","luftfeuchte","Relative Luftfeuchtigkeit 2 m über Boden; Tagesmittel","SMA Zürich Fluntern","%","meteoschweiz","täglich","ja","https://github.com/statistikZH/covid19monitoring_other_Weather"
2021-01-11,73.3,"Sonstiges","luftfeuchte","Relative Luftfeuchtigkeit 2 m über Boden; Tagesmittel","SMA Zürich Fluntern","%","meteoschweiz","täglich","ja","https://github.com/statistikZH/covid19monitoring_other_Weather"
2021-01-12,83.8,"Sonstiges","luftfeuchte","Relative Luftfeuchtigkeit 2 m über Boden; Tagesmittel","SMA Zürich Fluntern","%","meteoschweiz","täglich","ja","https://github.com/statistikZH/covid19monitoring_other_Weather"
2021-01-13,88.1,"Sonstiges","luftfeuchte","Relative Luftfeuchtigkeit 2 m über Boden; Tagesmittel","SMA Zürich Fluntern","%","meteoschweiz","täglich","ja","https://github.com/statistikZH/covid19monitoring_other_Weather"
2021-01-14,94.8,"Sonstiges","luftfeuchte","Relative Luftfeuchtigkeit 2 m über Boden; Tagesmittel","SMA Zürich Fluntern","%","meteoschweiz","täglich","ja","https://github.com/statistikZH/covid19monitoring_other_Weather"
2021-01-15,91.7,"Sonstiges","luftfeuchte","Relative Luftfeuchtigkeit 2 m über Boden; Tagesmittel","SMA Zürich Fluntern","%","meteoschweiz","täglich","ja","https://github.com/statistikZH/covid19monitoring_other_Weather"
2021-01-16,91,"Sonstiges","luftfeuchte","Relative Luftfeuchtigkeit 2 m über Boden; Tagesmittel","SMA Zürich Fluntern","%","meteoschweiz","täglich","ja","https://github.com/statistikZH/covid19monitoring_other_Weather"
2021-01-17,93.9,"Sonstiges","luftfeuchte","Relative Luftfeuchtigkeit 2 m über Boden; Tagesmittel","SMA Zürich Fluntern","%","meteoschweiz","täglich","ja","https://github.com/statistikZH/covid19monitoring_other_Weather"
2021-01-18,86.4,"Sonstiges","luftfeuchte","Relative Luftfeuchtigkeit 2 m über Boden; Tagesmittel","SMA Zürich Fluntern","%","meteoschweiz","täglich","ja","https://github.com/statistikZH/covid19monitoring_other_Weather"
2021-01-19,76.3,"Sonstiges","luftfeuchte","Relative Luftfeuchtigkeit 2 m über Boden; Tagesmittel","SMA Zürich Fluntern","%","meteoschweiz","täglich","ja","https://github.com/statistikZH/covid19monitoring_other_Weather"
2021-01-20,72.2,"Sonstiges","luftfeuchte","Relative Luftfeuchtigkeit 2 m über Boden; Tagesmittel","SMA Zürich Fluntern","%","meteoschweiz","täglich","ja","https://github.com/statistikZH/covid19monitoring_other_Weather"
2021-01-21,62.5,"Sonstiges","luftfeuchte","Relative Luftfeuchtigkeit 2 m über Boden; Tagesmittel","SMA Zürich Fluntern","%","meteoschweiz","täglich","ja","https://github.com/statistikZH/covid19monitoring_other_Weather"
2021-01-22,75.1,"Sonstiges","luftfeuchte","Relative Luftfeuchtigkeit 2 m über Boden; Tagesmittel","SMA Zürich Fluntern","%","meteoschweiz","täglich","ja","https://github.com/statistikZH/covid19monitoring_other_Weather"
2021-01-23,85.6,"Sonstiges","luftfeuchte","Relative Luftfeuchtigkeit 2 m über Boden; Tagesmittel","SMA Zürich Fluntern","%","meteoschweiz","täglich","ja","https://github.com/statistikZH/covid19monitoring_other_Weather"
2021-01-24,66,"Sonstiges","luftfeuchte","Relative Luftfeuchtigkeit 2 m über Boden; Tagesmittel","SMA Zürich Fluntern","%","meteoschweiz","täglich","ja","https://github.com/statistikZH/covid19monitoring_other_Weather"
2021-01-25,86.4,"Sonstiges","luftfeuchte","Relative Luftfeuchtigkeit 2 m über Boden; Tagesmittel","SMA Zürich Fluntern","%","meteoschweiz","täglich","ja","https://github.com/statistikZH/covid19monitoring_other_Weather"
2021-01-26,65.9,"Sonstiges","luftfeuchte","Relative Luftfeuchtigkeit 2 m über Boden; Tagesmittel","SMA Zürich Fluntern","%","meteoschweiz","täglich","ja","https://github.com/statistikZH/covid19monitoring_other_Weather"
2021-01-27,87.4,"Sonstiges","luftfeuchte","Relative Luftfeuchtigkeit 2 m über Boden; Tagesmittel","SMA Zürich Fluntern","%","meteoschweiz","täglich","ja","https://github.com/statistikZH/covid19monitoring_other_Weather"
2021-01-28,91.8,"Sonstiges","luftfeuchte","Relative Luftfeuchtigkeit 2 m über Boden; Tagesmittel","SMA Zürich Fluntern","%","meteoschweiz","täglich","ja","https://github.com/statistikZH/covid19monitoring_other_Weather"
2021-01-29,84.3,"Sonstiges","luftfeuchte","Relative Luftfeuchtigkeit 2 m über Boden; Tagesmittel","SMA Zürich Fluntern","%","meteoschweiz","täglich","ja","https://github.com/statistikZH/covid19monitoring_other_Weather"
2021-01-30,87.4,"Sonstiges","luftfeuchte","Relative Luftfeuchtigkeit 2 m über Boden; Tagesmittel","SMA Zürich Fluntern","%","meteoschweiz","täglich","ja","https://github.com/statistikZH/covid19monitoring_other_Weather"
2021-01-31,97.3,"Sonstiges","luftfeuchte","Relative Luftfeuchtigkeit 2 m über Boden; Tagesmittel","SMA Zürich Fluntern","%","meteoschweiz","täglich","ja","https://github.com/statistikZH/covid19monitoring_other_Weather"
